locality,lat,lng,hospitals,schools,gyms,supermarkets,restaurants,metro_stations,rent_1bhk_unfurnished,rent_1bhk_semi_furnished,rent_1bhk_fully_furnished,rent_2bhk_unfurnished,rent_2bhk_semi_furnished,rent_2bhk_fully_furnished,rent_3bhk_unfurnished,rent_3bhk_semi_furnished,rent_3bhk_fully_furnished
Koramangala,12.9357366,77.624081,27.0,34.0,7.0,,207.0,0.0,"₹18,000","₹22,000","₹27,000","₹30,000","₹35,500","₹43,000","₹48,000","₹58,000","₹70,000"
Indiranagar,12.9732913,77.6404672,40.0,,,,249.0,2.0,"₹20,000","₹25,000","₹31,000","₹38,000","₹45,000","₹54,000","₹58,000","₹68,000","₹82,000"
HSR Layout,12.9116225,77.6388622,,35.0,12.0,26.0,126.0,4.0,"₹18,000","₹22,000","₹27,000","₹34,000","₹40,000","₹48,000","₹50,000","₹60,000","₹72,000"
Whitefield,12.9957428,77.7579489,5.0,,,1.0,10.0,2.0,"₹20,000","₹25,300","₹26,000","₹36,000","₹43,200","₹53,000","₹65,000","₹79,250","₹88,850"
Marathahalli,12.9552572,77.6984163,9.0,11.0,,12.0,85.0,0.0,"₹15,000","₹18,000","₹22,000","₹25,500","₹30,000","₹36,000","₹40,000","₹48,000","₹58,000"
Jayanagar,12.9292731,77.5824229,,,2.0,16.0,90.0,4.0,"₹17,000","₹20,000","₹25,000","₹31,500","₹37,000","₹44,000","₹48,000","₹58,000","₹69,000"
JP Nagar,12.9096941,77.5866067,,,9.0,19.0,116.0,,"₹15,000","₹18,000","₹22,000","₹24,000","₹28,000","₹34,000","₹40,000","₹48,000","₹58,000"
Electronic City,12.8487599,77.648253,4.0,7.0,2.0,,,,"₹14,000","₹17,000","₹21,000","₹25,500","₹30,000","₹36,000","₹39,000","₹47,000","₹56,000"
BTM Layout,12.9140008,77.6102821,26.0,,13.0,17.0,72.0,,"₹15,000","₹18,000","₹22,000","₹24,000","₹28,000","₹34,000","₹39,000","₹47,000","₹57,000"
Bellandur,12.9320495,77.6842915,6.0,8.0,2.0,4.0,,0.0,"₹18,000","₹22,000","₹27,000","₹32,000","₹38,000","₹46,000","₹55,000","₹66,000","₹80,000"
Sarjapur Road,12.9244884,77.6451418,17.0,19.0,12.0,9.0,,,"₹15,000","₹18,000","₹22,000","₹25,500","₹30,000","₹36,000","₹42,000","₹50,000","₹60,000"
Hebbal,13.0382184,77.5919,9.0,15.0,,3.0,17.0,0.0,"₹14,000","₹17,000","₹21,000","₹22,000","₹26,000","₹31,000","₹36,000","₹43,000","₹52,000"
Malleshwaram,13.0027353,77.5703253,34.0,,8.0,21.0,85.0,2.0,"₹17,000","₹20,000","₹25,000","₹30,000","₹35,000","₹42,000","₹43,000","₹52,000","₹63,000"
Rajajinagar,13.0005232,77.5496166,54.0,28.0,4.0,14.0,81.0,3.0,"₹15,000","₹18,000","₹22,000","₹24,000","₹28,000","₹34,000","₹39,000","₹47,000","₹56,000"
Yelahanka,13.1006982,77.5963454,23.0,10.0,3.0,7.0,26.0,,"₹13,000","₹15,000","₹19,000","₹21,000","₹25,000","₹30,000","₹34,000","₹41,000","₹49,000"
MG Road,12.9755264,77.6067902,16.0,,7.0,17.0,,3.0,"₹22,000","₹27,000","₹33,000","₹40,000","₹48,000","₹58,000","₹62,000","₹74,000","₹89,000"
Banashankari,12.9278196,77.556621,38.0,21.0,2.0,12.0,54.0,0.0,"₹15,000","₹18,000","₹22,000","₹25,000","₹29,000","₹35,000","₹40,000","₹48,000","₹58,000"
Domlur,12.9624669,77.6381958,23.0,33.0,14.0,,171.0,,"₹18,000","₹22,000","₹27,000","₹31,000","₹36,000","₹44,000","₹48,000","₹58,000","₹70,000"
KR Puram,13.007516,77.695935,19.0,16.0,0.0,4.0,19.0,1.0,"₹13,000","₹15,000","₹19,000","₹19,000","₹22,000","₹27,000","₹31,000","₹37,000","₹45,000"
Yeshwanthpur,13.0176937,77.5555009,23.0,,,10.0,,,"₹13,000","₹16,000","₹20,000","₹21,000","₹25,000","₹30,000","₹34,000","₹41,000","₹49,000"
